p,sigma_rad,wallTime_s,runID,ScintPhotonCount,CherenkovPhotonCount,PhotonHitSi,eps_col,Esc_CrystalAbsorbed,Esc_TopAir,Esc_SideAir,Esc_PTFE,Esc_Grease,Esc_World,Mean_IncidenceAngle_deg,Mean_HitCount,theory_M1,theory_M2,delta_to_M1,delta_to_M2,within_M2_M1
0.0,0.0,3.69,0,0,0,381,0.382915,597,0,0,10,1,0,22.2203,1.0,0.0,0.2132358327924946,0.382915,0.1696791672075054,False
0.1,0.0,2.01,0,0,0,736,0.786325,135,0,0,49,7,1,21.4819,1.0,0.37573937434167826,0.22141566685784847,0.4105856256583218,0.5649093331421515,False
0.2,0.0,1.93,0,0,0,745,0.822296,89,0,0,54,5,3,21.0855,1.0,0.37115718684970656,0.23024810007418595,0.45113881315029347,0.5920478999258141,False
0.3,0.0,1.82,0,0,0,735,0.838084,76,0,0,53,6,1,21.7598,1.0,0.36668541351416767,0.23981447524055158,0.4713985864858324,0.5982695247594485,False
0.4,0.0,1.8,0,0,0,859,0.859,53,0,0,68,9,4,21.2495,1.0,0.36232011097233263,0.2502102397354798,0.49667988902766735,0.6087897602645203,False
0.5,0.0,1.77,0,0,0,798,0.843552,50,0,0,75,14,2,21.5211,0.998744,0.3580575214314817,0.2615481411562303,0.4854944785685183,0.5820038588437697,False
0.6,0.0,1.82,0,0,0,848,0.875129,41,0,0,60,12,0,20.9012,1.0,0.3538940618799526,0.2739623330301456,0.5212349381200474,0.6011666669698544,False
0.7,0.0,1.8,0,0,0,850,0.868233,37,0,0,68,11,3,21.5966,1.0,0.34982631404225195,0.2876137080364793,0.5184066859577481,0.5806192919635207,False
0.8,0.0,1.8,0,0,0,792,0.861806,33,0,0,69,12,4,22.1617,1.0,0.3458510150190446,0.3026969093552993,0.5159549849809554,0.5591090906447007,False
1.0,0.0,1.75,0,0,0,742,0.849943,20,0,14,73,7,9,22.0658,1.0,0.3381654369075103,0.3381654369075103,0.5117775630924897,0.5117775630924897,False
0.0,0.02,1.77,0,0,0,850,0.894737,80,0,0,5,8,0,19.7791,1.0,0.9999999999999463,0.2143168535462073,-0.10526299999994626,0.6804201464537927,True
0.1,0.02,1.81,0,0,0,798,0.882743,66,0,0,23,10,0,19.7107,1.0,0.5178266680644928,0.22269089586001695,0.3649163319355072,0.6600521041399832,False
0.2,0.02,1.82,0,0,0,743,0.881376,55,0,0,30,5,3,19.3054,1.0,0.45006426444012876,0.23176582512316013,0.4313117355598713,0.6496101748768399,False
0.3,0.02,1.78,0,0,0,866,0.866,53,0,0,58,11,3,20.1625,1.0,0.42067541240334927,0.2416405753762809,0.4453245875966507,0.6243594246237191,False
0.4,0.02,1.84,0,0,0,702,0.859241,43,0,0,55,9,2,21.0755,1.0,0.40299257172426467,0.2524373346540103,0.45624842827573536,0.6068036653459897,False
0.5,0.02,1.78,0,0,0,819,0.867585,41,0,0,56,13,4,21.4402,1.0,0.39045188889517135,0.2643114059329815,0.4771331111048287,0.6032735940670185,False
0.6,0.02,1.78,0,0,0,859,0.872967,42,0,0,61,11,3,20.2962,1.0,0.3806513781900899,0.2774687278940058,0.4923156218099102,0.5954982721059943,False
0.7,0.02,1.75,0,0,0,730,0.876351,36,0,0,50,9,1,20.7259,1.00137,0.37250249396809615,0.2922009281477124,0.5038485060319038,0.5841500718522876,False
0.8,0.02,1.77,0,0,0,789,0.871823,34,0,0,58,13,2,20.4907,1.00127,0.3654394924918538,0.3089672653563118,0.5063835075081462,0.5628557346436882,False
1.0,0.02,1.75,0,0,0,769,0.85255,20,0,14,74,7,9,21.7854,1.0,0.3534006207305698,0.3534006207305698,0.4991493792694302,0.4991493792694302,False
0.0,0.05,1.78,0,0,0,783,0.90625,67,0,0,3,7,0,19.2289,1.0,0.9999999999999971,0.2197109512920556,-0.09374999999999711,0.6865390487079444,True
0.1,0.05,1.74,0,0,0,733,0.887409,65,0,0,17,6,0,19.8795,1.0,0.7727632924367359,0.22904046725695015,0.11464570756326409,0.6583685327430499,False
0.2,0.05,1.78,0,0,0,876,0.88664,58,0,0,36,7,2,19.9566,0.998858,0.6603816818061496,0.23930258065016832,0.22625831819385034,0.6473374193498317,False
0.3,0.05,1.77,0,0,0,660,0.861619,47,0,0,48,6,1,20.9527,1.0,0.5923809463891485,0.25067796334887177,0.2692380536108515,0.6109410366511283,False
0.4,0.05,1.74,0,0,0,845,0.872934,45,0,0,64,7,0,20.803,1.0,0.546184798177771,0.263411409084505,0.326749201822229,0.609522590915495,False
0.5,0.05,1.73,0,0,0,813,0.86859,40,0,0,65,10,0,20.7383,1.0,0.5123311365381876,0.2778500861199872,0.35625886346181235,0.5907399138800128,False
0.6,0.05,1.78,0,0,0,809,0.87365,41,0,0,56,10,1,20.7321,0.998762,0.4861563179527959,0.2945166052496031,0.38749368204720414,0.5791333947503969,False
0.7,0.05,1.76,0,0,0,869,0.869,41,0,0,70,10,0,20.8398,0.997696,0.4650949443143297,0.3142626227936303,0.4039050556856703,0.5547373772063697,False
0.8,0.05,1.74,0,0,0,874,0.874,36,0,0,69,14,0,20.5935,1.00115,0.4476186085266384,0.33863460826693087,0.4263813914733616,0.5353653917330692,False
1.0,0.05,1.78,0,0,0,849,0.849,23,0,18,81,8,10,21.82,1.0,0.41987513179257063,0.41987513179257063,0.42912486820742934,0.42912486820742934,False
0.0,0.08,1.75,0,0,0,849,0.906083,70,0,0,4,7,0,20.1692,1.0,0.9999999999999998,0.228603707493866,-0.0939169999999998,0.6774792925061339,True
0.1,0.08,1.74,0,0,0,860,0.88843,71,0,0,22,7,0,19.703,1.0,0.8771941549519597,0.23946005524044872,0.011235845048040316,0.6489699447595514,False
0.2,0.08,1.73,0,0,0,852,0.877446,63,0,0,37,5,2,20.4818,0.998826,0.7899412654624756,0.25159863734790416,0.08750473453752439,0.6258473626520957,False
0.3,0.08,1.74,0,0,0,759,0.866438,51,0,0,49,7,3,20.901,1.0,0.7244439061954702,0.2653144783984542,0.14199409380452988,0.6011235216015458,False
0.4,0.08,1.78,0,0,0,763,0.863122,46,0,0,55,7,5,20.0191,0.998689,0.6732375992603127,0.28101867557242205,0.18988440073968726,0.582103324427578,False
0.5,0.08,1.74,0,0,0,805,0.878821,42,0,0,51,7,3,20.0243,1.0,0.6319308313157002,0.2993086401927186,0.2468901686842998,0.5795123598072813,False
0.6,0.08,1.76,0,0,0,845,0.876556,40,0,0,54,12,3,19.9561,0.998817,0.5977708810665909,0.32109936987777155,0.27878511893340907,0.5554566301222285,False
0.7,0.08,1.75,0,0,0,864,0.864,42,0,0,67,11,5,20.9231,1.0,0.5689443020576319,0.3478896108317302,0.2950556979423681,0.5161103891682698,False
0.8,0.08,1.74,0,0,0,778,0.862528,34,0,0,63,15,4,21.1817,1.0,0.5442075460664917,0.3823612174388518,0.3183204539335083,0.48016678256114814,False
1.0,0.08,1.77,0,0,0,849,0.849,23,0,18,81,8,10,21.8325,0.998819,0.5037169578088685,0.5037169578088685,0.3452830421911315,0.3452830421911315,False
0.0,0.1,1.78,0,0,0,770,0.906949,62,0,0,3,7,2,20.6313,1.0,0.9999999999999969,0.23570428599893403,-0.09305099999999689,0.671244714001066,True
0.1,0.1,1.75,0,0,0,780,0.879369,74,0,0,17,6,1,19.4652,1.0,0.9095982446912869,0.24773812313177063,-0.03022924469128696,0.6316308768682293,True
0.2,0.1,1.73,0,0,0,883,0.883,57,0,0,40,8,3,19.1102,1.0,0.8382218664790997,0.26130598203768,0.04477813352090032,0.62169401796232,False
0.3,0.1,1.75,0,0,0,792,0.876106,49,0,0,46,5,4,19.6907,0.997472,0.7802917508147738,0.27677780730748375,0.0958142491852263,0.5993281926925162,False
0.4,0.1,1.74,0,0,0,828,0.868835,48,0,0,58,7,2,19.583,1.0,0.732221428604168,0.29466953702567794,0.13661357139583208,0.574165462974322,False
0.5,0.1,1.75,0,0,0,879,0.87988,49,0,0,51,9,1,19.5032,1.0,0.6916001252178834,0.3157286930798222,0.1882798747821166,0.5641513069201778,False
0.6,0.1,1.8,0,0,0,773,0.869516,39,0,0,53,10,3,20.3047,1.0,0.656747288078969,0.34109045231051355,0.21276871192103097,0.5284255476894864,False
0.7,0.1,1.76,0,0,0,803,0.868108,43,0,0,56,9,2,20.8232,1.0,0.6264554057727998,0.3725837660442517,0.2416525942272002,0.4955242339557483,False
0.8,0.1,1.81,0,0,0,871,0.871,39,0,0,64,15,1,21.3285,1.0,0.5998343773173245,0.41339013118680057,0.2711656226826755,0.4576098688131994,False
1.0,0.1,1.75,0,0,0,841,0.849495,22,0,18,81,8,10,21.829,0.998811,0.5550778740476068,0.5550778740476068,0.2944171259523932,0.2944171259523932,False
0.0,0.15,1.74,0,0,0,859,0.900419,77,0,0,4,4,0,19.5665,0.998834,1.0,0.2542301939553966,-0.09958100000000003,0.6461888060446034,True
0.1,0.15,1.76,0,0,0,886,0.886,73,0,0,21,7,1,20.0069,1.0,0.9459881796013203,0.26917874889023613,-0.0599881796013203,0.6168212511097639,True
0.2,0.15,1.73,0,0,0,783,0.881757,59,0,0,29,8,1,19.8824,1.0,0.8982287287044473,0.28621453987178797,-0.01647172870444724,0.595542460128212,True
0.3,0.15,1.76,0,0,0,760,0.87963,47,0,0,41,7,1,19.3319,1.0,0.8556729616661019,0.3058459025776544,0.023957038333898173,0.5737840974223456,False
0.4,0.15,1.77,0,0,0,872,0.872,50,0,0,59,8,3,20.0635,1.0,0.8174951210234339,0.328769420578173,0.054504878976566085,0.5432305794218271,False
0.5,0.15,1.75,0,0,0,811,0.871106,45,0,0,54,12,2,20.2343,1.0,0.783036092777026,0.3559683412548377,0.08806990722297403,0.5151376587451624,False
0.6,0.15,1.77,0,0,0,851,0.871034,44,0,0,60,13,1,20.8938,1.0,0.7517633567835242,0.38888075750419404,0.11927064321647574,0.48215324249580593,False
0.7,0.15,1.74,0,0,0,786,0.862788,37,0,0,64,13,3,20.4957,1.0,0.7232419592941313,0.42970332563008545,0.13954604070586873,0.43308467436991455,False
0.8,0.15,1.75,0,0,0,774,0.861915,31,0,0,68,15,3,20.7556,0.998706,0.6971131237451584,0.4819783560013913,0.16480187625484155,0.3799366439986087,False
1.0,0.15,1.72,0,0,0,829,0.850256,22,0,17,79,8,10,21.8283,1.0,0.6508868035004586,0.6508868035004586,0.19936919649954143,0.19936919649954143,False
0.0,0.2,1.74,0,0,0,887,0.913491,70,0,0,0,8,0,20.1379,1.0,0.9999999999999998,0.26990825376675764,-0.08650899999999973,0.6435827462332424,True
0.1,0.2,1.73,0,0,0,802,0.898096,65,0,0,13,5,0,20.2854,1.0,0.9599175967048647,0.287194317397749,-0.061821596704864645,0.6109016826022511,True
0.2,0.2,1.74,0,0,0,843,0.89018,58,0,0,30,10,1,20.047,1.0,0.9230312983662996,0.3069360075896233,-0.03285129836629963,0.5832439924103767,True
0.3,0.2,1.78,0,0,0,799,0.882873,49,0,0,39,6,2,20.4432,0.998748,0.8889708428767586,0.32970862667917666,-0.00609784287675863,0.5531643733208234,True
0.4,0.2,1.75,0,0,0,679,0.870513,43,0,0,47,3,1,20.0031,1.0,0.8574211175175639,0.3562845873478219,0.01309188248243609,0.5142284126521781,False
0.5,0.2,1.76,0,0,0,838,0.869295,43,0,0,66,9,1,20.6011,1.0,0.828112256391887,0.38772624861392235,0.041182743608113026,0.4815687513860777,False
0.6,0.2,1.74,0,0,0,809,0.865241,45,0,0,61,8,2,19.993,1.0,0.8008117977546292,0.4255368277853403,0.06442920224537085,0.43970417221465974,False
0.7,0.2,1.76,0,0,0,753,0.859589,37,0,0,65,9,4,20.8643,1.0,0.775318418073844,0.47191676286466544,0.084270581926156,0.3876722371353346,False
0.8,0.2,1.78,0,0,0,849,0.864562,37,0,0,73,10,6,20.4425,1.0,0.7514568849799543,0.5302229155765981,0.11310511502004572,0.334339084423402,False
1.0,0.2,1.74,0,0,0,798,0.850746,22,0,16,76,8,9,21.9292,1.0,0.708035056522468,0.708035056522468,0.142710943477532,0.142710943477532,False
0.0,0.3,1.75,0,0,0,904,0.916836,65,0,0,3,6,0,21.0309,1.00111,1.0,0.2863885350092239,-0.08316400000000002,0.6304474649907761,True
0.1,0.3,1.77,0,0,0,896,0.896,64,0,0,24,9,1,20.9175,1.0,0.9702683781686066,0.30633437519860685,-0.07426837816860654,0.5896656248013932,True
0.2,0.3,1.76,0,0,0,768,0.897196,48,0,0,27,7,0,20.4434,1.0,0.9421833202166598,0.32908162780161454,-0.044987320216659854,0.5681143721983855,True
0.3,0.3,1.74,0,0,0,885,0.885,48,0,0,47,11,2,20.6867,1.0,0.9156127424330323,0.35524926469390217,-0.030612742433032247,0.5297507353060978,True
0.4,0.3,1.74,0,0,0,843,0.879958,42,0,0,58,7,3,20.2346,1.0,0.8904383002567255,0.385651119898332,-0.010480300256725528,0.494306880101668,True
0.5,0.3,1.72,0,0,0,846,0.880333,42,0,0,56,7,4,20.5221,1.0,0.8665536476532861,0.4213787901132483,0.013779352346713902,0.45895420988675173,False
0.6,0.3,1.76,0,0,0,846,0.873065,35,0,0,62,13,7,20.5017,0.998818,0.8438629545617954,0.4639307229611256,0.029202045438204594,0.4091342770388744,False
0.7,0.3,1.74,0,0,0,715,0.859375,34,0,0,62,9,6,20.8039,1.0,0.8222796388499382,0.5154205699927517,0.037095361150061845,0.34395443000724835,False
0.8,0.3,1.76,0,0,0,870,0.87,35,0,0,69,10,7,21.0104,0.998849,0.801725277420647,0.578928032885574,0.06827472257935296,0.29107196711442596,False
1.0,0.3,1.78,0,0,0,746,0.850627,20,0,14,73,7,9,21.996,1.0,0.7634250152923858,0.7634250152923858,0.0872019847076142,0.0872019847076142,False
0.0,0.4,1.81,0,0,0,824,0.915556,56,0,0,2,9,0,20.1721,1.0,0.9999999999999993,0.2874549231205943,-0.0844439999999993,0.6281010768794058,True
0.1,0.4,1.77,0,0,0,889,0.898888,56,0,0,16,16,1,21.0117,1.0,0.9739462027140031,0.30840101779767315,-0.0750582027140031,0.5904869822023269,True
0.2,0.4,1.81,0,0,0,843,0.886435,51,0,0,35,10,1,20.8937,0.998814,0.9491432334445751,0.3322882133333893,-0.0627082334445751,0.5541467866666107,True
0.3,0.4,1.75,0,0,0,759,0.881533,40,0,0,44,10,3,21.7665,1.00132,0.9255037327220922,0.3597624634588166,-0.043970732722092176,0.5217705365411834,True
0.4,0.4,1.73,0,0,0,862,0.878695,44,0,0,51,13,3,20.4381,1.0,0.9029482839065448,0.39167203508295223,-0.024253283906544798,0.4870229649170478,True
0.5,0.4,1.75,0,0,0,782,0.867925,42,0,0,56,8,5,20.7123,1.0,0.8814045306419243,0.4291532325813492,-0.013479530641924309,0.43877176741865076,True
0.6,0.4,1.74,0,0,0,832,0.866667,39,0,0,64,12,5,20.5754,1.0,0.8608064094245282,0.4737637147777122,0.005860590575471725,0.3929032852222878,False
0.7,0.4,1.79,0,0,0,865,0.865,34,0,0,74,14,5,21.6466,1.0,0.8410934801406833,0.5276973687725748,0.02390651985931669,0.3373026312274252,False
0.8,0.4,1.73,0,0,0,751,0.87022,32,0,0,62,10,2,21.2557,1.0,0.8222103402868047,0.5941455491242731,0.04800965971319526,0.2760744508757269,False
1.0,0.4,1.73,0,0,0,782,0.852781,21,0,15,74,7,9,21.7663,1.0,0.7867339842783101,0.7867339842783101,0.06604701572168992,0.06604701572168992,False
0.0,0.5,1.75,0,0,0,918,0.918,61,0,0,2,9,0,21.9021,1.0,1.0,0.28142565690649723,-0.08199999999999996,0.6365743430935028,True
0.1,0.5,1.78,0,0,0,760,0.913462,42,0,0,9,13,1,20.9954,1.0,0.9756291266970645,0.30264467634712844,-0.06216712669706448,0.6108173236528716,True
0.2,0.5,1.87,0,0,0,703,0.895541,44,0,0,22,9,3,21.0971,1.0,0.9523557655754695,0.32688095091166625,-0.056814765575469495,0.5686600490883338,True
0.3,0.5,1.76,0,0,0,731,0.874402,42,0,0,46,10,4,21.4707,1.0,0.9301077193634131,0.35480991491608627,-0.055705719363413064,0.5195920850839137,True
0.4,0.5,1.76,0,0,0,803,0.869048,37,0,0,57,12,8,21.0778,1.00125,0.9088189852042436,0.3873237960762263,-0.0397709852042436,0.48172420392377374,True
0.5,0.5,1.75,0,0,0,827,0.875132,35,0,0,56,9,9,21.915,1.0,0.8884291042866836,0.4256260981222236,-0.013297104286683625,0.44950590187777645,True
0.6,0.5,1.77,0,0,0,857,0.871821,33,0,0,63,11,9,20.9592,1.0,0.8688825917306885,0.4713802058577755,0.0029384082693114655,0.40044079414222444,False
0.7,0.5,1.77,0,0,0,754,0.855846,29,0,0,69,11,9,21.0391,1.0,0.8501284354076186,0.5269520994309534,0.0057175645923813745,0.32889390056904655,False
0.8,0.5,1.75,0,0,0,815,0.86518,28,0,0,66,15,9,21.2491,1.0,0.8321196541625798,0.595824912005707,0.033060345837420124,0.269355087994293,False
1.0,0.5,1.76,0,0,0,673,0.848676,20,0,12,70,5,6,22.1153,0.998512,0.7981681490901273,0.7981681490901273,0.05050785090987264,0.05050785090987264,False
