p,sigma_rad,wallTime_s,runID,ScintPhotonCount,CherenkovPhotonCount,PhotonHitSi,eps_col,Esc_CrystalAbsorbed,Esc_TopAir,Esc_SideAir,Esc_PTFE,Esc_Grease,Esc_World,Mean_IncidenceAngle_deg,Mean_HitCount
0.0,0.0,3.69,0,0,0,381,0.382915,597,0,0,10,1,0,22.2203,1
0.1,0.0,2.01,0,0,0,736,0.786325,135,0,0,49,7,1,21.4819,1
0.2,0.0,1.93,0,0,0,745,0.822296,89,0,0,54,5,3,21.0855,1
0.3,0.0,1.82,0,0,0,735,0.838084,76,0,0,53,6,1,21.7598,1
0.4,0.0,1.80,0,0,0,859,0.859,53,0,0,68,9,4,21.2495,1
0.5,0.0,1.77,0,0,0,798,0.843552,50,0,0,75,14,2,21.5211,0.998744
0.6,0.0,1.82,0,0,0,848,0.875129,41,0,0,60,12,0,20.9012,1
0.7,0.0,1.80,0,0,0,850,0.868233,37,0,0,68,11,3,21.5966,1
0.8,0.0,1.80,0,0,0,792,0.861806,33,0,0,69,12,4,22.1617,1
1.0,0.0,1.75,0,0,0,742,0.849943,20,0,14,73,7,9,22.0658,1
0.0,0.02,1.77,0,0,0,850,0.894737,80,0,0,5,8,0,19.7791,1
0.1,0.02,1.81,0,0,0,798,0.882743,66,0,0,23,10,0,19.7107,1
0.2,0.02,1.82,0,0,0,743,0.881376,55,0,0,30,5,3,19.3054,1
0.3,0.02,1.78,0,0,0,866,0.866,53,0,0,58,11,3,20.1625,1
0.4,0.02,1.84,0,0,0,702,0.859241,43,0,0,55,9,2,21.0755,1
0.5,0.02,1.78,0,0,0,819,0.867585,41,0,0,56,13,4,21.4402,1
0.6,0.02,1.78,0,0,0,859,0.872967,42,0,0,61,11,3,20.2962,1
0.7,0.02,1.75,0,0,0,730,0.876351,36,0,0,50,9,1,20.7259,1.00137
0.8,0.02,1.77,0,0,0,789,0.871823,34,0,0,58,13,2,20.4907,1.00127
1.0,0.02,1.75,0,0,0,769,0.85255,20,0,14,74,7,9,21.7854,1
0.0,0.05,1.78,0,0,0,783,0.90625,67,0,0,3,7,0,19.2289,1
0.1,0.05,1.74,0,0,0,733,0.887409,65,0,0,17,6,0,19.8795,1
0.2,0.05,1.78,0,0,0,876,0.88664,58,0,0,36,7,2,19.9566,0.998858
0.3,0.05,1.77,0,0,0,660,0.861619,47,0,0,48,6,1,20.9527,1
0.4,0.05,1.74,0,0,0,845,0.872934,45,0,0,64,7,0,20.803,1
0.5,0.05,1.73,0,0,0,813,0.86859,40,0,0,65,10,0,20.7383,1
0.6,0.05,1.78,0,0,0,809,0.87365,41,0,0,56,10,1,20.7321,0.998762
0.7,0.05,1.76,0,0,0,869,0.869,41,0,0,70,10,0,20.8398,0.997696
0.8,0.05,1.74,0,0,0,874,0.874,36,0,0,69,14,0,20.5935,1.00115
1.0,0.05,1.78,0,0,0,849,0.849,23,0,18,81,8,10,21.82,1
0.0,0.08,1.75,0,0,0,849,0.906083,70,0,0,4,7,0,20.1692,1
0.1,0.08,1.74,0,0,0,860,0.88843,71,0,0,22,7,0,19.703,1
0.2,0.08,1.73,0,0,0,852,0.877446,63,0,0,37,5,2,20.4818,0.998826
0.3,0.08,1.74,0,0,0,759,0.866438,51,0,0,49,7,3,20.901,1
0.4,0.08,1.78,0,0,0,763,0.863122,46,0,0,55,7,5,20.0191,0.998689
0.5,0.08,1.74,0,0,0,805,0.878821,42,0,0,51,7,3,20.0243,1
0.6,0.08,1.76,0,0,0,845,0.876556,40,0,0,54,12,3,19.9561,0.998817
0.7,0.08,1.75,0,0,0,864,0.864,42,0,0,67,11,5,20.9231,1
0.8,0.08,1.74,0,0,0,778,0.862528,34,0,0,63,15,4,21.1817,1
1.0,0.08,1.77,0,0,0,849,0.849,23,0,18,81,8,10,21.8325,0.998819
0.0,0.10,1.78,0,0,0,770,0.906949,62,0,0,3,7,2,20.6313,1
0.1,0.10,1.75,0,0,0,780,0.879369,74,0,0,17,6,1,19.4652,1
0.2,0.10,1.73,0,0,0,883,0.883,57,0,0,40,8,3,19.1102,1
0.3,0.10,1.75,0,0,0,792,0.876106,49,0,0,46,5,4,19.6907,0.997472
0.4,0.10,1.74,0,0,0,828,0.868835,48,0,0,58,7,2,19.583,1
0.5,0.10,1.75,0,0,0,879,0.87988,49,0,0,51,9,1,19.5032,1
0.6,0.10,1.80,0,0,0,773,0.869516,39,0,0,53,10,3,20.3047,1
0.7,0.10,1.76,0,0,0,803,0.868108,43,0,0,56,9,2,20.8232,1
0.8,0.10,1.81,0,0,0,871,0.871,39,0,0,64,15,1,21.3285,1
1.0,0.10,1.75,0,0,0,841,0.849495,22,0,18,81,8,10,21.829,0.998811
0.0,0.15,1.74,0,0,0,859,0.900419,77,0,0,4,4,0,19.5665,0.998834
0.1,0.15,1.76,0,0,0,886,0.886,73,0,0,21,7,1,20.0069,1
0.2,0.15,1.73,0,0,0,783,0.881757,59,0,0,29,8,1,19.8824,1
0.3,0.15,1.76,0,0,0,760,0.87963,47,0,0,41,7,1,19.3319,1
0.4,0.15,1.77,0,0,0,872,0.872,50,0,0,59,8,3,20.0635,1
0.5,0.15,1.75,0,0,0,811,0.871106,45,0,0,54,12,2,20.2343,1
0.6,0.15,1.77,0,0,0,851,0.871034,44,0,0,60,13,1,20.8938,1
0.7,0.15,1.74,0,0,0,786,0.862788,37,0,0,64,13,3,20.4957,1
0.8,0.15,1.75,0,0,0,774,0.861915,31,0,0,68,15,3,20.7556,0.998706
1.0,0.15,1.72,0,0,0,829,0.850256,22,0,17,79,8,10,21.8283,1
0.0,0.20,1.74,0,0,0,887,0.913491,70,0,0,0,8,0,20.1379,1
0.1,0.20,1.73,0,0,0,802,0.898096,65,0,0,13,5,0,20.2854,1
0.2,0.20,1.74,0,0,0,843,0.89018,58,0,0,30,10,1,20.047,1
0.3,0.20,1.78,0,0,0,799,0.882873,49,0,0,39,6,2,20.4432,0.998748
0.4,0.20,1.75,0,0,0,679,0.870513,43,0,0,47,3,1,20.0031,1
0.5,0.20,1.76,0,0,0,838,0.869295,43,0,0,66,9,1,20.6011,1
0.6,0.20,1.74,0,0,0,809,0.865241,45,0,0,61,8,2,19.993,1
0.7,0.20,1.76,0,0,0,753,0.859589,37,0,0,65,9,4,20.8643,1
0.8,0.20,1.78,0,0,0,849,0.864562,37,0,0,73,10,6,20.4425,1
1.0,0.20,1.74,0,0,0,798,0.850746,22,0,16,76,8,9,21.9292,1
0.0,0.30,1.75,0,0,0,904,0.916836,65,0,0,3,6,0,21.0309,1.00111
0.1,0.30,1.77,0,0,0,896,0.896,64,0,0,24,9,1,20.9175,1
0.2,0.30,1.76,0,0,0,768,0.897196,48,0,0,27,7,0,20.4434,1
0.3,0.30,1.74,0,0,0,885,0.885,48,0,0,47,11,2,20.6867,1
0.4,0.30,1.74,0,0,0,843,0.879958,42,0,0,58,7,3,20.2346,1
0.5,0.30,1.72,0,0,0,846,0.880333,42,0,0,56,7,4,20.5221,1
0.6,0.30,1.76,0,0,0,846,0.873065,35,0,0,62,13,7,20.5017,0.998818
0.7,0.30,1.74,0,0,0,715,0.859375,34,0,0,62,9,6,20.8039,1
0.8,0.30,1.76,0,0,0,870,0.87,35,0,0,69,10,7,21.0104,0.998849
1.0,0.30,1.78,0,0,0,746,0.850627,20,0,14,73,7,9,21.996,1
0.0,0.40,1.81,0,0,0,824,0.915556,56,0,0,2,9,0,20.1721,1
0.1,0.40,1.77,0,0,0,889,0.898888,56,0,0,16,16,1,21.0117,1
0.2,0.40,1.81,0,0,0,843,0.886435,51,0,0,35,10,1,20.8937,0.998814
0.3,0.40,1.75,0,0,0,759,0.881533,40,0,0,44,10,3,21.7665,1.00132
0.4,0.40,1.73,0,0,0,862,0.878695,44,0,0,51,13,3,20.4381,1
0.5,0.40,1.75,0,0,0,782,0.867925,42,0,0,56,8,5,20.7123,1
0.6,0.40,1.74,0,0,0,832,0.866667,39,0,0,64,12,5,20.5754,1
0.7,0.40,1.79,0,0,0,865,0.865,34,0,0,74,14,5,21.6466,1
0.8,0.40,1.73,0,0,0,751,0.87022,32,0,0,62,10,2,21.2557,1
1.0,0.40,1.73,0,0,0,782,0.852781,21,0,15,74,7,9,21.7663,1
0.0,0.50,1.75,0,0,0,918,0.918,61,0,0,2,9,0,21.9021,1
0.1,0.50,1.78,0,0,0,760,0.913462,42,0,0,9,13,1,20.9954,1
0.2,0.50,1.87,0,0,0,703,0.895541,44,0,0,22,9,3,21.0971,1
0.3,0.50,1.76,0,0,0,731,0.874402,42,0,0,46,10,4,21.4707,1
0.4,0.50,1.76,0,0,0,803,0.869048,37,0,0,57,12,8,21.0778,1.00125
0.5,0.50,1.75,0,0,0,827,0.875132,35,0,0,56,9,9,21.915,1
0.6,0.50,1.77,0,0,0,857,0.871821,33,0,0,63,11,9,20.9592,1
0.7,0.50,1.77,0,0,0,754,0.855846,29,0,0,69,11,9,21.0391,1
0.8,0.50,1.75,0,0,0,815,0.86518,28,0,0,66,15,9,21.2491,1
1.0,0.50,1.76,0,0,0,673,0.848676,20,0,12,70,5,6,22.1153,0.998512
