# wavelength_nm, theta_deg, p_det
# Generated by TMM calculation
# AR coating: Si3N4, d = 96 nm
# Incident medium: n = 1.46
400, 0, 0.737857
400, 5, 0.737917
400, 10, 0.738161
400, 15, 0.738769
400, 20, 0.740017
400, 25, 0.742224
400, 30, 0.745683
400, 35, 0.750546
400, 40, 0.756678
400, 45, 0.763475
400, 50, 0.769655
400, 55, 0.773045
400, 60, 0.770290
400, 65, 0.756323
400, 70, 0.723256
400, 75, 0.658289
400, 80, 0.540449
400, 85, 0.336805
410, 0, 0.743987
410, 5, 0.744193
410, 10, 0.744867
410, 15, 0.746166
410, 20, 0.748324
410, 25, 0.751601
410, 30, 0.756209
410, 35, 0.762201
410, 40, 0.769334
410, 45, 0.776903
410, 50, 0.783569
410, 55, 0.787171
410, 60, 0.784450
410, 65, 0.770484
410, 70, 0.737463
410, 75, 0.672370
410, 80, 0.553368
410, 85, 0.345684
420, 0, 0.751861
420, 5, 0.752196
420, 10, 0.753248
420, 15, 0.755152
420, 20, 0.758101
420, 25, 0.762296
420, 30, 0.767872
420, 35, 0.774793
420, 40, 0.782724
420, 45, 0.790887
420, 50, 0.797917
420, 55, 0.801704
420, 60, 0.799123
420, 65, 0.785416
420, 70, 0.752858
420, 75, 0.688200
420, 80, 0.568620
420, 85, 0.356928
430, 0, 0.761176
430, 5, 0.761624
430, 10, 0.763005
430, 15, 0.765432
430, 20, 0.769058
430, 25, 0.774027
430, 30, 0.780403
430, 35, 0.788071
430, 40, 0.796618
430, 45, 0.805217
430, 50, 0.812510
430, 55, 0.816468
430, 60, 0.814118
430, 65, 0.800881
430, 70, 0.769120
430, 75, 0.705363
430, 80, 0.585745
430, 85, 0.370208
440, 0, 0.771661
440, 5, 0.772205
440, 10, 0.773869
440, 15, 0.776741
440, 20, 0.780935
440, 25, 0.786543
440, 30, 0.793562
440, 35, 0.801807
440, 40, 0.810806
440, 45, 0.819704
440, 50, 0.827173
440, 55, 0.831285
440, 60, 0.829234
440, 65, 0.816618
440, 70, 0.785894
440, 75, 0.723387
440, 80, 0.604197
440, 85, 0.385103
450, 0, 0.783069
450, 5, 0.783694
450, 10, 0.785595
450, 15, 0.788836
450, 20, 0.793496
450, 25, 0.799615
450, 30, 0.807132
450, 35, 0.815799
450, 40, 0.825100
450, 45, 0.834174
450, 50, 0.841738
450, 55, 0.845983
450, 60, 0.844264
450, 65, 0.832354
450, 70, 0.802802
450, 75, 0.741759
450, 80, 0.623356
450, 85, 0.401086
460, 0, 0.795174
460, 5, 0.795866
460, 10, 0.797960
460, 15, 0.801501
460, 20, 0.806529
460, 25, 0.813039
460, 30, 0.820916
460, 35, 0.829862
460, 40, 0.839331
460, 45, 0.848468
460, 50, 0.856053
460, 55, 0.860394
460, 60, 0.859006
460, 65, 0.847817
460, 70, 0.819463
460, 75, 0.759952
460, 80, 0.642551
460, 85, 0.417529
470, 0, 0.807773
470, 5, 0.808518
470, 10, 0.810765
470, 15, 0.814537
470, 20, 0.819841
470, 25, 0.826629
470, 30, 0.834739
470, 35, 0.843834
470, 40, 0.853348
470, 45, 0.862444
470, 50, 0.869974
470, 55, 0.874362
470, 60, 0.873265
470, 65, 0.862746
470, 70, 0.835512
470, 75, 0.777455
470, 80, 0.661100
470, 85, 0.433728
480, 0, 0.820681
480, 5, 0.821467
480, 10, 0.823827
480, 15, 0.827765
480, 20, 0.833259
480, 25, 0.840221
480, 30, 0.848447
480, 35, 0.857571
480, 40, 0.867017
480, 45, 0.875979
480, 50, 0.883378
480, 55, 0.887746
480, 60, 0.886866
480, 65, 0.876905
480, 70, 0.850618
480, 75, 0.793798
480, 80, 0.678356
480, 85, 0.448957
490, 0, 0.833733
490, 5, 0.834546
490, 10, 0.836982
490, 15, 0.841027
490, 20, 0.846630
490, 25, 0.853667
490, 30, 0.861903
490, 35, 0.870946
490, 40, 0.880224
490, 45, 0.888962
490, 50, 0.896152
490, 55, 0.900423
490, 60, 0.899655
490, 65, 0.890090
490, 70, 0.864501
490, 75, 0.808584
490, 80, 0.693757
490, 85, 0.462537
500, 0, 0.846778
500, 5, 0.847606
500, 10, 0.850084
500, 15, 0.854179
500, 20, 0.859816
500, 25, 0.866840
500, 30, 0.874988
500, 35, 0.883854
500, 40, 0.892871
500, 45, 0.901303
500, 50, 0.908206
500, 55, 0.912290
500, 60, 0.911506
500, 65, 0.902137
500, 70, 0.876943
500, 75, 0.821509
500, 80, 0.706868
500, 85, 0.473909
510, 0, 0.857789
510, 5, 0.858626
510, 10, 0.861124
510, 15, 0.865236
510, 20, 0.870865
510, 25, 0.877833
510, 30, 0.885855
510, 35, 0.894516
510, 40, 0.903259
510, 45, 0.911384
510, 50, 0.918004
510, 55, 0.921888
510, 60, 0.921040
510, 65, 0.911761
510, 70, 0.886785
510, 75, 0.831612
510, 80, 0.717004
510, 85, 0.482688
520, 0, 0.868612
520, 5, 0.869448
520, 10, 0.871939
520, 15, 0.876026
520, 20, 0.881592
520, 25, 0.888439
520, 30, 0.896266
520, 35, 0.904653
520, 40, 0.913057
520, 45, 0.920813
520, 50, 0.927080
520, 55, 0.930677
520, 60, 0.929633
520, 65, 0.920240
520, 70, 0.895180
520, 75, 0.839850
520, 80, 0.724810
520, 85, 0.489083
530, 0, 0.879161
530, 5, 0.879989
530, 10, 0.882450
530, 15, 0.886474
530, 20, 0.891927
530, 25, 0.898596
530, 30, 0.906167
530, 35, 0.914220
530, 40, 0.922230
530, 45, 0.929559
530, 50, 0.935410
530, 55, 0.938631
530, 60, 0.937259
530, 65, 0.927551
530, 70, 0.902109
530, 75, 0.846216
530, 80, 0.730292
530, 85, 0.493075
540, 0, 0.889367
540, 5, 0.890179
540, 10, 0.892588
540, 15, 0.896516
540, 20, 0.901814
540, 25, 0.908256
540, 30, 0.915519
540, 35, 0.923188
540, 40, 0.930753
540, 45, 0.937607
540, 50, 0.942981
540, 55, 0.945744
540, 60, 0.943917
540, 65, 0.933702
540, 70, 0.907602
540, 75, 0.850775
540, 80, 0.733561
540, 85, 0.494795
550, 0, 0.899172
550, 5, 0.899962
550, 10, 0.902301
550, 15, 0.906103
550, 20, 0.911209
550, 25, 0.917381
550, 30, 0.924293
550, 35, 0.931536
550, 40, 0.938616
550, 45, 0.944951
550, 50, 0.949796
550, 55, 0.952022
550, 60, 0.949623
550, 65, 0.938728
550, 70, 0.911726
550, 75, 0.853648
550, 80, 0.734811
550, 85, 0.494485
560, 0, 0.908530
560, 5, 0.909292
560, 10, 0.911545
560, 15, 0.915196
560, 20, 0.920078
560, 25, 0.925946
560, 30, 0.932472
560, 35, 0.939254
560, 40, 0.945816
560, 45, 0.951597
560, 50, 0.955865
560, 55, 0.957486
560, 60, 0.954413
560, 65, 0.942688
560, 70, 0.914577
560, 75, 0.854993
560, 80, 0.734289
560, 85, 0.492455
570, 0, 0.917405
570, 5, 0.918135
570, 10, 0.920289
570, 15, 0.923769
570, 20, 0.928400
570, 25, 0.933935
570, 30, 0.940047
570, 35, 0.946342
570, 40, 0.952360
570, 45, 0.957558
570, 50, 0.961211
570, 55, 0.962169
570, 60, 0.958332
570, 65, 0.945653
570, 70, 0.916271
570, 75, 0.854995
570, 80, 0.732274
570, 85, 0.489048
580, 0, 0.925773
580, 5, 0.926466
580, 10, 0.928510
580, 15, 0.931801
580, 20, 0.936162
580, 25, 0.941342
580, 30, 0.947019
580, 35, 0.952807
580, 40, 0.958263
580, 45, 0.962856
580, 50, 0.965862
580, 55, 0.966109
580, 60, 0.961439
580, 65, 0.947708
580, 70, 0.916936
580, 75, 0.853847
580, 80, 0.729046
580, 85, 0.484602
590, 0, 0.933615
590, 5, 0.934269
590, 10, 0.936193
590, 15, 0.939283
590, 20, 0.943358
590, 25, 0.948167
590, 30, 0.953394
590, 35, 0.958663
590, 40, 0.963545
590, 45, 0.967518
590, 50, 0.969855
590, 55, 0.969354
590, 60, 0.963797
590, 65, 0.948944
590, 70, 0.916706
590, 75, 0.851744
590, 80, 0.724876
590, 85, 0.479429
600, 0, 0.940924
600, 5, 0.941535
600, 10, 0.943334
600, 15, 0.946213
600, 20, 0.949990
600, 25, 0.954418
600, 30, 0.959185
600, 35, 0.963929
600, 40, 0.968231
600, 45, 0.971575
600, 50, 0.973228
600, 55, 0.971955
600, 60, 0.965474
600, 65, 0.949456
600, 70, 0.915712
600, 75, 0.848870
600, 80, 0.720013
600, 85, 0.473799
610, 0, 0.946473
610, 5, 0.947047
610, 10, 0.948733
610, 15, 0.951422
610, 20, 0.954933
610, 25, 0.959020
610, 30, 0.963379
610, 35, 0.967656
610, 40, 0.971441
610, 45, 0.974223
610, 50, 0.975258
610, 55, 0.973282
610, 60, 0.965959
610, 65, 0.948883
610, 70, 0.913795
610, 75, 0.845327
610, 80, 0.714857
610, 85, 0.468306
620, 0, 0.951596
620, 5, 0.952132
620, 10, 0.953701
620, 15, 0.956195
620, 20, 0.959435
620, 25, 0.963179
620, 30, 0.967128
620, 35, 0.970937
620, 40, 0.974205
620, 45, 0.976422
620, 50, 0.976835
620, 55, 0.974144
620, 60, 0.965961
620, 65, 0.947811
620, 70, 0.911376
620, 75, 0.841313
620, 80, 0.709324
620, 85, 0.462627
630, 0, 0.956300
630, 5, 0.956796
630, 10, 0.958246
630, 15, 0.960544
630, 20, 0.963511
630, 25, 0.966910
630, 30, 0.970449
630, 35, 0.973794
630, 40, 0.976549
630, 45, 0.978205
630, 50, 0.977993
630, 55, 0.974584
630, 60, 0.965536
630, 65, 0.946312
630, 70, 0.908546
630, 75, 0.836941
630, 80, 0.703554
630, 85, 0.456891
640, 0, 0.960593
640, 5, 0.961049
640, 10, 0.962381
640, 15, 0.964481
640, 20, 0.967176
640, 25, 0.970232
640, 30, 0.973366
640, 35, 0.976252
640, 40, 0.978501
640, 45, 0.979601
640, 50, 0.978770
640, 55, 0.974645
640, 60, 0.964736
640, 65, 0.944449
640, 70, 0.905386
640, 75, 0.832314
640, 80, 0.697659
640, 85, 0.451202
650, 0, 0.964490
650, 5, 0.964906
650, 10, 0.966118
650, 15, 0.968022
650, 20, 0.970447
650, 25, 0.973165
650, 30, 0.975901
650, 35, 0.978337
650, 40, 0.980089
650, 45, 0.980644
650, 50, 0.979201
650, 55, 0.974368
650, 60, 0.963610
650, 65, 0.942284
650, 70, 0.901970
650, 75, 0.827517
650, 80, 0.691736
650, 85, 0.445639
660, 0, 0.968004
660, 5, 0.968380
660, 10, 0.969475
660, 15, 0.971185
660, 20, 0.973344
660, 25, 0.975730
660, 30, 0.978078
660, 35, 0.980074
660, 40, 0.981341
660, 45, 0.981362
660, 50, 0.979320
660, 55, 0.973794
660, 60, 0.962205
660, 65, 0.939872
660, 70, 0.898363
660, 75, 0.822626
660, 80, 0.685860
660, 85, 0.440258
670, 0, 0.971152
670, 5, 0.971489
670, 10, 0.972468
670, 15, 0.973988
670, 20, 0.975886
670, 25, 0.977950
670, 30, 0.979918
670, 35, 0.981489
670, 40, 0.982285
670, 45, 0.981786
670, 50, 0.979161
670, 55, 0.972958
670, 60, 0.960564
670, 65, 0.937261
670, 70, 0.894622
670, 75, 0.817703
670, 80, 0.680091
670, 85, 0.435101
680, 0, 0.973951
680, 5, 0.974251
680, 10, 0.975116
680, 15, 0.976450
680, 20, 0.978096
680, 25, 0.979845
680, 30, 0.981447
680, 35, 0.982605
680, 40, 0.982947
680, 45, 0.981945
680, 50, 0.978754
680, 55, 0.971896
680, 60, 0.958725
680, 65, 0.934497
680, 70, 0.890797
680, 75, 0.812797
680, 80, 0.674474
680, 85, 0.430193
690, 0, 0.976420
690, 5, 0.976683
690, 10, 0.977438
690, 15, 0.978592
690, 20, 0.979992
690, 25, 0.981439
690, 30, 0.982688
690, 35, 0.983449
690, 40, 0.983352
690, 45, 0.981865
690, 50, 0.978128
690, 55, 0.970640
690, 60, 0.956724
690, 65, 0.931619
690, 70, 0.886928
690, 75, 0.807952
690, 80, 0.669044
690, 85, 0.425551
700, 0, 0.978578
700, 5, 0.978805
700, 10, 0.979453
700, 15, 0.980433
700, 20, 0.981597
700, 25, 0.982752
700, 30, 0.983662
700, 35, 0.984042
700, 40, 0.983524
700, 45, 0.981573
700, 50, 0.977312
700, 55, 0.969219
700, 60, 0.954594
700, 65, 0.928661
700, 70, 0.883052
700, 75, 0.803199
700, 80, 0.663823
700, 85, 0.421182
